fecha,vol_corregido,flujo_corregido,presion,temperatura
2025-04-13 00:00:01.597,73526696.0,1860.199951171875,8.399999618530273,15.600000381469727
