fecha,vol_corregido,flujo_corregido,presion,temperatura
2025-04-14 00:00:02.323,5843225.0,0.0,12.100000381469727,23.100000381469727
