fecha,vol_corregido,flujo_corregido,presion,temperatura
2025-04-14 00:00:02.540,2870170.3,660.0999755859375,20.799999237060547,24.299999237060547
