fecha,vol_corregido,flujo_corregido,presion,temperatura
2025-04-13 00:00:02.057,2853792.3,691.7999877929688,20.600000381469727,22.200000762939453
