fecha,vol_corregido,flujo_corregido,presion,temperatura
2025-04-13 00:00:01.827,5843225.0,0.0,12.199999809265137,21.399999618530273
